URL,Address,Price
https://www.zillow.com/b/laguna-creek-apartment-new-orleans-la-5Xhxmn/,"Laguna Creek | 6881 Parc Brittany Blvd, New Orleans, LA",$785+ 1 bd
https://www.zillow.com/apartments/lake-charles-la/celeste/5XtP73/,"Celeste | 2960 Lake St, Lake Charles, LA",$745+ 1 bd
https://www.zillow.com/apartments/lake-charles-la/chandler/5chP6s/,"Chandler | 211 Louie St, Lake Charles, LA",$745+ 1 bd
https://www.zillow.com/apartments/lafayette-la/basswood/5Xhw6V/,"Basswood | 2820 Louisiana Ave, Lafayette, LA",$750+ 1 bd
https://www.zillow.com/apartments/new-orleans-la/laguna-reserve/5XhxnC/,"Laguna Reserve | 5131 Bundy Rd, New Orleans, LA",$795+ 1 bd
https://www.zillow.com/apartments/lake-charles-la/bayberry/5XtP8J/,"Bayberry | 1515 W McNeese St, Lake Charles, LA",$725+ 1 bd
https://www.zillow.com/apartments/lake-charles-la/satsuma-village/5XtP8m/,"Satsuma Village | 4404 Canal St, Lake Charles, LA",$760+ 1 bd
https://www.zillow.com/apartments/lake-charles-la/laurel-oak-village/5cVffB/,"Laurel Oak Village | 1045 Walters St, Lake Charles, LA",$660+ 1 bd
https://www.zillow.com/apartments/shreveport-la/foxborough-cove/5XrJsV/,"Foxborough Cove | 8200 Pines Rd, Shreveport, LA",$740+ 1 bd
